d,n,p,loss_trend,CV_probability
30,350,370,0.0,1.0000000000000002
30,360,370,0.00031881974499572,0.8500000000000002
30,370,370,0.0005486508095162205,0.8000000000000002
30,380,370,0.0016467138472365268,0.44999999999999996
30,390,370,0.00356281901418089,0.1
30,400,370,0.00922058582147872,0.0
30,410,370,0.010626378302607875,0.05
30,420,370,0.013643653221795218,0.0
30,430,370,0.021558880823407085,0.0
30,440,370,0.043821713468628745,0.0
30,450,370,0.029299369886972675,0.0
