d,n,p,loss_trend,CV_probability
30,350,400,0.0,1.0000000000000002
30,360,400,0.00017378018043543637,0.9000000000000002
30,370,400,0.0007547039523697269,0.7000000000000001
30,380,400,0.0007416724107516604,0.65
30,390,400,0.0032852544519941292,0.44999999999999996
30,400,400,0.004133910030179426,0.15000000000000002
30,410,400,0.0065012456361781745,0.1
30,420,400,0.011873066206990709,0.0
30,430,400,0.02249157533119784,0.0
30,440,400,0.027806639106347248,0.0
30,450,400,0.02533316761826478,0.0
