d,n,p,loss_trend,CV_probability
10,10,30,0.0,1.0000000000000002
10,20,30,0.0,1.0000000000000002
10,30,30,0.018340937481368842,0.6
10,40,30,0.06763118259983429,0.05
10,50,30,0.09545554640024219,0.0
10,60,30,0.202603991760589,0.0
10,70,30,0.26635097537528934,0.0
10,80,30,0.28573604108851125,0.0
10,90,30,0.3387743742829014,0.0
10,100,30,0.4085702452405857,0.0
